setup,hit_rate,cumulative_excess_return,annualized_sharpe
expanding_window,0.21311475409836064,0.05134302239233368,0.09367382578904483
rolling_60_months,0.1945945945945946,-0.6737992010390091,-0.32617688867692807
